Date,Adj Close,Lag_1,Lag_2,Lag_3,Lag_4,Lag_5
2020-01-09,75.41287231445312,73.8443603515625,72.6752700805664,73.0186996459961,72.44145202636719,73.15265655517578
2020-01-10,75.5833511352539,75.41287231445312,73.8443603515625,72.6752700805664,73.0186996459961,72.44145202636719
2020-01-13,77.19813537597656,75.5833511352539,75.41287231445312,73.8443603515625,72.6752700805664,73.0186996459961
2020-01-14,76.15572357177734,77.19813537597656,75.5833511352539,75.41287231445312,73.8443603515625,72.6752700805664
2020-01-15,75.82933807373047,76.15572357177734,77.19813537597656,75.5833511352539,75.41287231445312,73.8443603515625
2020-01-16,76.77922058105469,75.82933807373047,76.15572357177734,77.19813537597656,75.5833511352539,75.41287231445312
2020-01-17,77.62924194335938,76.77922058105469,75.82933807373047,76.15572357177734,77.19813537597656,75.5833511352539
2020-01-21,77.10316467285156,77.62924194335938,76.77922058105469,75.82933807373047,76.15572357177734,77.19813537597656
2020-01-22,77.37837219238281,77.10316467285156,77.62924194335938,76.77922058105469,75.82933807373047,76.15572357177734
2020-01-23,77.75102233886719,77.37837219238281,77.10316467285156,77.62924194335938,76.77922058105469,75.82933807373047
2020-01-24,77.52694702148438,77.75102233886719,77.37837219238281,77.10316467285156,77.62924194335938,76.77922058105469
2020-01-27,75.24723815917969,77.52694702148438,77.75102233886719,77.37837219238281,77.10316467285156,77.62924194335938
2020-01-28,77.37596130371094,75.24723815917969,77.52694702148438,77.75102233886719,77.37837219238281,77.10316467285156
2020-01-29,78.99562072753906,77.37596130371094,75.24723815917969,77.52694702148438,77.75102233886719,77.37837219238281
2020-01-30,78.8811264038086,78.99562072753906,77.37596130371094,75.24723815917969,77.52694702148438,77.75102233886719
2020-01-31,75.3836441040039,78.8811264038086,78.99562072753906,77.37596130371094,75.24723815917969,77.52694702148438
2020-02-03,75.1766128540039,75.3836441040039,78.8811264038086,78.99562072753906,77.37596130371094,75.24723815917969
2020-02-04,77.65846252441406,75.1766128540039,75.3836441040039,78.8811264038086,78.99562072753906,77.37596130371094
2020-02-05,78.2917251586914,77.65846252441406,75.1766128540039,75.3836441040039,78.8811264038086,78.99562072753906
2020-02-06,79.20750427246094,78.2917251586914,77.65846252441406,75.1766128540039,75.3836441040039,78.8811264038086
2020-02-07,78.130859375,79.20750427246094,78.2917251586914,77.65846252441406,75.1766128540039,75.3836441040039
2020-02-10,78.5019302368164,78.130859375,79.20750427246094,78.2917251586914,77.65846252441406,75.1766128540039
2020-02-11,78.02832794189453,78.5019302368164,78.130859375,79.20750427246094,78.2917251586914,77.65846252441406
2020-02-12,79.88130950927734,78.02832794189453,78.5019302368164,78.130859375,79.20750427246094,78.2917251586914
2020-02-13,79.3124771118164,79.88130950927734,78.02832794189453,78.5019302368164,78.130859375,79.20750427246094
2020-02-14,79.33200073242188,79.3124771118164,79.88130950927734,78.02832794189453,78.5019302368164,78.130859375
2020-02-18,77.87940216064453,79.33200073242188,79.3124771118164,79.88130950927734,78.02832794189453,78.5019302368164
2020-02-19,79.00729370117188,77.87940216064453,79.33200073242188,79.3124771118164,79.88130950927734,78.02832794189453
2020-02-20,78.19678497314453,79.00729370117188,77.87940216064453,79.33200073242188,79.3124771118164,79.88130950927734
2020-02-21,76.42677307128906,78.19678497314453,79.00729370117188,77.87940216064453,79.33200073242188,79.3124771118164
2020-02-24,72.79647827148438,76.42677307128906,78.19678497314453,79.00729370117188,77.87940216064453,79.33200073242188
2020-02-25,70.33070373535156,72.79647827148438,76.42677307128906,78.19678497314453,79.00729370117188,77.87940216064453
2020-02-26,71.44642639160156,70.33070373535156,72.79647827148438,76.42677307128906,78.19678497314453,79.00729370117188
2020-02-27,66.77609252929688,71.44642639160156,70.33070373535156,72.79647827148438,76.42677307128906,78.19678497314453
2020-02-28,66.73703002929688,66.77609252929688,71.44642639160156,70.33070373535156,72.79647827148438,76.42677307128906
2020-03-02,72.95028686523438,66.73703002929688,66.77609252929688,71.44642639160156,70.33070373535156,72.79647827148438
2020-03-03,70.63346099853516,72.95028686523438,66.73703002929688,66.77609252929688,71.44642639160156,70.33070373535156
2020-03-04,73.90974426269531,70.63346099853516,72.95028686523438,66.73703002929688,66.77609252929688,71.44642639160156
2020-03-05,71.51234436035156,73.90974426269531,70.63346099853516,72.95028686523438,66.73703002929688,66.77609252929688
2020-03-06,70.56263732910156,71.51234436035156,73.90974426269531,70.63346099853516,72.95028686523438,66.73703002929688
2020-03-09,64.98170471191406,70.56263732910156,71.51234436035156,73.90974426269531,70.63346099853516,72.95028686523438
2020-03-10,69.66175842285156,64.98170471191406,70.56263732910156,71.51234436035156,73.90974426269531,70.63346099853516
2020-03-11,67.24238586425781,69.66175842285156,64.98170471191406,70.56263732910156,71.51234436035156,73.90974426269531
2020-03-12,60.601890563964844,67.24238586425781,69.66175842285156,64.98170471191406,70.56263732910156,71.51234436035156
2020-03-13,67.86250305175781,60.601890563964844,67.24238586425781,69.66175842285156,64.98170471191406,70.56263732910156
2020-03-16,59.13219451904297,67.86250305175781,60.601890563964844,67.24238586425781,69.66175842285156,64.98170471191406
2020-03-17,61.732242584228516,59.13219451904297,67.86250305175781,60.601890563964844,67.24238586425781,69.66175842285156
2020-03-18,60.22103500366211,61.732242584228516,59.13219451904297,67.86250305175781,60.601890563964844,67.24238586425781
2020-03-19,59.75962448120117,60.22103500366211,61.732242584228516,59.13219451904297,67.86250305175781,60.601890563964844
2020-03-20,55.96574783325195,59.75962448120117,60.22103500366211,61.732242584228516,59.13219451904297,67.86250305175781
2020-03-23,54.776798248291016,55.96574783325195,59.75962448120117,60.22103500366211,61.732242584228516,59.13219451904297
2020-03-24,60.272308349609375,54.776798248291016,55.96574783325195,59.75962448120117,60.22103500366211,61.732242584228516
2020-03-25,59.94028091430664,60.272308349609375,54.776798248291016,55.96574783325195,59.75962448120117,60.22103500366211
2020-03-26,63.09452438354492,59.94028091430664,60.272308349609375,54.776798248291016,55.96574783325195,59.75962448120117
2020-03-27,60.48227310180664,63.09452438354492,59.94028091430664,60.272308349609375,54.776798248291016,55.96574783325195
2020-03-30,62.20830535888672,60.48227310180664,63.09452438354492,59.94028091430664,60.272308349609375,54.776798248291016
2020-03-31,62.081356048583984,62.20830535888672,60.48227310180664,63.09452438354492,59.94028091430664,60.272308349609375
2020-04-01,58.81481170654297,62.081356048583984,62.20830535888672,60.48227310180664,63.09452438354492,59.94028091430664
2020-04-02,59.796241760253906,58.81481170654297,62.081356048583984,62.20830535888672,60.48227310180664,63.09452438354492
2020-04-03,58.936885833740234,59.796241760253906,58.81481170654297,62.081356048583984,62.20830535888672,60.48227310180664
2020-04-06,64.0783920288086,58.936885833740234,59.796241760253906,58.81481170654297,62.081356048583984,62.20830535888672
2020-04-07,63.33621597290039,64.0783920288086,58.936885833740234,59.796241760253906,58.81481170654297,62.081356048583984
2020-04-08,64.95728302001953,63.33621597290039,64.0783920288086,58.936885833740234,59.796241760253906,58.81481170654297
2020-04-09,65.426025390625,64.95728302001953,63.33621597290039,64.0783920288086,58.936885833740234,59.796241760253906
2020-04-13,66.7101821899414,65.426025390625,64.95728302001953,63.33621597290039,64.0783920288086,58.936885833740234
2020-04-14,70.07925415039062,66.7101821899414,65.426025390625,64.95728302001953,63.33621597290039,64.0783920288086
2020-04-15,69.43960571289062,70.07925415039062,66.7101821899414,65.426025390625,64.95728302001953,63.33621597290039
2020-04-16,69.99137115478516,69.43960571289062,70.07925415039062,66.7101821899414,65.426025390625,64.95728302001953
2020-04-17,69.04166412353516,69.99137115478516,69.43960571289062,70.07925415039062,66.7101821899414,65.426025390625
2020-04-20,67.60859680175781,69.04166412353516,69.99137115478516,69.43960571289062,70.07925415039062,66.7101821899414
2020-04-21,65.51879119873047,67.60859680175781,69.04166412353516,69.99137115478516,69.43960571289062,70.07925415039062
2020-04-22,67.40595245361328,65.51879119873047,67.60859680175781,69.04166412353516,69.99137115478516,69.43960571289062
2020-04-23,67.14473724365234,67.40595245361328,65.51879119873047,67.60859680175781,69.04166412353516,69.99137115478516
2020-04-24,69.08316802978516,67.14473724365234,67.40595245361328,65.51879119873047,67.60859680175781,69.04166412353516
2020-04-27,69.13200378417969,69.08316802978516,67.14473724365234,67.40595245361328,65.51879119873047,67.60859680175781
2020-04-28,68.01141357421875,69.13200378417969,69.08316802978516,67.14473724365234,67.40595245361328,65.51879119873047
2020-04-29,70.24524688720703,68.01141357421875,69.13200378417969,69.08316802978516,67.14473724365234,67.40595245361328
2020-04-30,71.72716522216797,70.24524688720703,68.01141357421875,69.13200378417969,69.08316802978516,67.14473724365234
2020-05-01,70.5724105834961,71.72716522216797,70.24524688720703,68.01141357421875,69.13200378417969,69.08316802978516
2020-05-04,71.5709228515625,70.5724105834961,71.72716522216797,70.24524688720703,68.01141357421875,69.13200378417969
2020-05-05,72.64513397216797,71.5709228515625,70.5724105834961,71.72716522216797,70.24524688720703,68.01141357421875
2020-05-06,73.39462280273438,72.64513397216797,71.5709228515625,70.5724105834961,71.72716522216797,70.24524688720703
2020-05-07,74.15388488769531,73.39462280273438,72.64513397216797,71.5709228515625,70.5724105834961,71.72716522216797
2020-05-08,75.91886901855469,74.15388488769531,73.39462280273438,72.64513397216797,71.5709228515625,70.5724105834961
2020-05-11,77.11347961425781,75.91886901855469,74.15388488769531,73.39462280273438,72.64513397216797,71.5709228515625
2020-05-12,76.2322006225586,77.11347961425781,75.91886901855469,74.15388488769531,73.39462280273438,72.64513397216797
2020-05-13,75.31178283691406,76.2322006225586,77.11347961425781,75.91886901855469,74.15388488769531,73.39462280273438
2020-05-14,75.77442932128906,75.31178283691406,76.2322006225586,77.11347961425781,75.91886901855469,74.15388488769531
2020-05-15,75.32646179199219,75.77442932128906,75.31178283691406,76.2322006225586,77.11347961425781,75.91886901855469
2020-05-18,77.10124206542969,75.32646179199219,75.77442932128906,75.31178283691406,76.2322006225586,77.11347961425781
2020-05-19,76.65570831298828,77.10124206542969,75.32646179199219,75.77442932128906,75.31178283691406,76.2322006225586
2020-05-20,78.14652252197266,76.65570831298828,77.10124206542969,75.32646179199219,75.77442932128906,75.31178283691406
2020-05-21,77.56391143798828,78.14652252197266,76.65570831298828,77.10124206542969,75.32646179199219,75.77442932128906
2020-05-22,78.06328582763672,77.56391143798828,78.14652252197266,76.65570831298828,77.10124206542969,75.32646179199219
2020-05-26,77.5345230102539,78.06328582763672,77.56391143798828,78.14652252197266,76.65570831298828,77.10124206542969
2020-05-27,77.8723373413086,77.5345230102539,78.06328582763672,77.56391143798828,78.14652252197266,76.65570831298828
2020-05-28,77.9066162109375,77.8723373413086,77.5345230102539,78.06328582763672,77.56391143798828,78.14652252197266
2020-05-29,77.83072662353516,77.9066162109375,77.8723373413086,77.5345230102539,78.06328582763672,77.56391143798828
2020-06-01,78.78788757324219,77.83072662353516,77.9066162109375,77.8723373413086,77.5345230102539,78.06328582763672
2020-06-02,79.15264129638672,78.78788757324219,77.83072662353516,77.9066162109375,77.8723373413086,77.5345230102539
2020-06-03,79.58837890625,79.15264129638672,78.78788757324219,77.83072662353516,77.9066162109375,77.8723373413086
2020-06-04,78.90293884277344,79.58837890625,79.15264129638672,78.78788757324219,77.83072662353516,77.9066162109375
2020-06-05,81.15017700195312,78.90293884277344,79.58837890625,79.15264129638672,78.78788757324219,77.83072662353516
2020-06-08,81.6299819946289,81.15017700195312,78.90293884277344,79.58837890625,79.15264129638672,78.78788757324219
2020-06-09,84.20768737792969,81.6299819946289,81.15017700195312,78.90293884277344,79.58837890625,79.15264129638672
2020-06-10,86.3741455078125,84.20768737792969,81.6299819946289,81.15017700195312,78.90293884277344,79.58837890625
2020-06-11,82.2272720336914,86.3741455078125,84.20768737792969,81.6299819946289,81.15017700195312,78.90293884277344
2020-06-12,82.93717956542969,82.2272720336914,86.3741455078125,84.20768737792969,81.6299819946289,81.15017700195312
2020-06-15,83.96288299560547,82.93717956542969,82.2272720336914,86.3741455078125,84.20768737792969,81.6299819946289
2020-06-16,86.18810272216797,83.96288299560547,82.93717956542969,82.2272720336914,86.3741455078125,84.20768737792969
2020-06-17,86.0681381225586,86.18810272216797,83.96288299560547,82.93717956542969,82.2272720336914,86.3741455078125
2020-06-18,86.10242462158203,86.0681381225586,86.18810272216797,83.96288299560547,82.93717956542969,82.2272720336914
2020-06-19,85.61038970947266,86.10242462158203,86.0681381225586,86.18810272216797,83.96288299560547,82.93717956542969
2020-06-22,87.85026550292969,85.61038970947266,86.10242462158203,86.0681381225586,86.18810272216797,83.96288299560547
2020-06-23,89.72541046142578,87.85026550292969,85.61038970947266,86.10242462158203,86.0681381225586,86.18810272216797
2020-06-24,88.14157104492188,89.72541046142578,87.85026550292969,85.61038970947266,86.10242462158203,86.0681381225586
2020-06-25,89.31170654296875,88.14157104492188,89.72541046142578,87.85026550292969,85.61038970947266,86.10242462158203
2020-06-26,86.5675277709961,89.31170654296875,88.14157104492188,89.72541046142578,87.85026550292969,85.61038970947266
2020-06-29,88.56262969970703,86.5675277709961,89.31170654296875,88.14157104492188,89.72541046142578,87.85026550292969
2020-06-30,89.30191802978516,88.56262969970703,86.5675277709961,89.31170654296875,88.14157104492188,89.72541046142578
2020-07-01,89.13300323486328,89.30191802978516,88.56262969970703,86.5675277709961,89.31170654296875,88.14157104492188
2020-07-02,89.13300323486328,89.13300323486328,89.30191802978516,88.56262969970703,86.5675277709961,89.31170654296875
2020-07-06,91.51732635498047,89.13300323486328,89.13300323486328,89.30191802978516,88.56262969970703,86.5675277709961
2020-07-07,91.23336029052734,91.51732635498047,89.13300323486328,89.13300323486328,89.30191802978516,88.56262969970703
2020-07-08,93.35821533203125,91.23336029052734,91.51732635498047,89.13300323486328,89.13300323486328,89.30191802978516
2020-07-09,93.75967407226562,93.35821533203125,91.23336029052734,91.51732635498047,89.13300323486328,89.13300323486328
2020-07-10,93.9236831665039,93.75967407226562,93.35821533203125,91.23336029052734,91.51732635498047,89.13300323486328
2020-07-13,93.49038696289062,93.9236831665039,93.75967407226562,93.35821533203125,91.23336029052734,91.51732635498047
2020-07-14,95.0374984741211,93.49038696289062,93.9236831665039,93.75967407226562,93.35821533203125,91.23336029052734
2020-07-15,95.69109344482422,95.0374984741211,93.49038696289062,93.9236831665039,93.75967407226562,93.35821533203125
2020-07-16,94.51364135742188,95.69109344482422,95.0374984741211,93.49038696289062,93.9236831665039,93.75967407226562
2020-07-17,94.32270050048828,94.51364135742188,95.69109344482422,95.0374984741211,93.49038696289062,93.9236831665039
2020-07-20,96.3104476928711,94.32270050048828,94.51364135742188,95.69109344482422,95.0374984741211,93.49038696289062
2020-07-21,94.981201171875,96.3104476928711,94.32270050048828,94.51364135742188,95.69109344482422,95.0374984741211
2020-07-22,95.2480239868164,94.981201171875,96.3104476928711,94.32270050048828,94.51364135742188,95.69109344482422
2020-07-23,90.91268157958984,95.2480239868164,94.981201171875,96.3104476928711,94.32270050048828,94.51364135742188
2020-07-24,90.68746185302734,90.91268157958984,95.2480239868164,94.981201171875,96.3104476928711,94.32270050048828
2020-07-27,92.83677673339844,90.68746185302734,90.91268157958984,95.2480239868164,94.981201171875,96.3104476928711
2020-07-28,91.31169891357422,92.83677673339844,90.68746185302734,90.91268157958984,95.2480239868164,94.981201171875
2020-07-29,93.06199645996094,91.31169891357422,92.83677673339844,90.68746185302734,90.91268157958984,95.2480239868164
2020-07-30,94.18806457519531,93.06199645996094,91.31169891357422,92.83677673339844,90.68746185302734,90.91268157958984
2020-07-31,104.0484848022461,94.18806457519531,93.06199645996094,91.31169891357422,92.83677673339844,90.68746185302734
2020-08-03,106.67024230957031,104.0484848022461,94.18806457519531,93.06199645996094,91.31169891357422,92.83677673339844
2020-08-04,107.38261413574219,106.67024230957031,104.0484848022461,94.18806457519531,93.06199645996094,91.31169891357422
2020-08-05,107.7718276977539,107.38261413574219,106.67024230957031,104.0484848022461,94.18806457519531,93.06199645996094
2020-08-06,111.53192138671875,107.7718276977539,107.38261413574219,106.67024230957031,104.0484848022461,94.18806457519531
2020-08-07,108.99616241455078,111.53192138671875,107.7718276977539,107.38261413574219,106.67024230957031,104.0484848022461
2020-08-10,110.58039855957031,108.99616241455078,111.53192138671875,107.7718276977539,107.38261413574219,106.67024230957031
2020-08-11,107.29175567626953,110.58039855957031,108.99616241455078,111.53192138671875,107.7718276977539,107.38261413574219
2020-08-12,110.8575210571289,107.29175567626953,110.58039855957031,108.99616241455078,111.53192138671875,107.7718276977539
2020-08-13,112.8194351196289,110.8575210571289,107.29175567626953,110.58039855957031,108.99616241455078,111.53192138671875
2020-08-14,112.71886444091797,112.8194351196289,110.8575210571289,107.29175567626953,110.58039855957031,108.99616241455078
2020-08-17,112.4245834350586,112.71886444091797,112.8194351196289,110.8575210571289,107.29175567626953,110.58039855957031
2020-08-18,113.36138916015625,112.4245834350586,112.71886444091797,112.8194351196289,110.8575210571289,107.29175567626953
2020-08-19,113.5036392211914,113.36138916015625,112.4245834350586,112.71886444091797,112.8194351196289,110.8575210571289
2020-08-20,116.02222442626953,113.5036392211914,113.36138916015625,112.4245834350586,112.71886444091797,112.8194351196289
2020-08-21,122.00115203857422,116.02222442626953,113.5036392211914,113.36138916015625,112.4245834350586,112.71886444091797
2020-08-24,123.46029663085938,122.00115203857422,116.02222442626953,113.5036392211914,113.36138916015625,112.4245834350586
2020-08-25,122.44747161865234,123.46029663085938,122.00115203857422,116.02222442626953,113.5036392211914,113.36138916015625
2020-08-26,124.11264038085938,122.44747161865234,123.46029663085938,122.00115203857422,116.02222442626953,113.5036392211914
2020-08-27,122.62895202636719,124.11264038085938,122.44747161865234,123.46029663085938,122.00115203857422,116.02222442626953
2020-08-28,122.4303207397461,122.62895202636719,124.11264038085938,122.44747161865234,123.46029663085938,122.00115203857422
2020-08-31,126.58219909667969,122.4303207397461,122.62895202636719,124.11264038085938,122.44747161865234,123.46029663085938
2020-09-01,131.62428283691406,126.58219909667969,122.4303207397461,122.62895202636719,124.11264038085938,122.44747161865234
2020-09-02,128.89723205566406,131.62428283691406,126.58219909667969,122.4303207397461,122.62895202636719,124.11264038085938
2020-09-03,118.57762145996094,128.89723205566406,131.62428283691406,126.58219909667969,122.4303207397461,122.62895202636719
2020-09-04,118.65609741210938,118.57762145996094,128.89723205566406,131.62428283691406,126.58219909667969,122.4303207397461
2020-09-08,110.671142578125,118.65609741210938,118.57762145996094,128.89723205566406,131.62428283691406,126.58219909667969
2020-09-09,115.08544158935547,110.671142578125,118.65609741210938,118.57762145996094,128.89723205566406,131.62428283691406
2020-09-10,111.32836151123047,115.08544158935547,110.671142578125,118.65609741210938,118.57762145996094,128.89723205566406
2020-09-11,109.86676025390625,111.32836151123047,115.08544158935547,110.671142578125,118.65609741210938,118.57762145996094
2020-09-14,113.1627426147461,109.86676025390625,111.32836151123047,115.08544158935547,110.671142578125,118.65609741210938
2020-09-15,113.33931732177734,113.1627426147461,109.86676025390625,111.32836151123047,115.08544158935547,110.671142578125
2020-09-16,109.99427795410156,113.33931732177734,113.1627426147461,109.86676025390625,111.32836151123047,115.08544158935547
2020-09-17,108.23836517333984,109.99427795410156,113.33931732177734,113.1627426147461,109.86676025390625,111.32836151123047
2020-09-18,104.8050308227539,108.23836517333984,109.99427795410156,113.33931732177734,113.1627426147461,109.86676025390625
2020-09-21,107.98332214355469,104.8050308227539,108.23836517333984,109.99427795410156,113.33931732177734,113.1627426147461
2020-09-22,109.68037414550781,107.98332214355469,104.8050308227539,108.23836517333984,109.99427795410156,113.33931732177734
2020-09-23,105.07969665527344,109.68037414550781,107.98332214355469,104.8050308227539,108.23836517333984,109.99427795410156
2020-09-24,106.15874481201172,105.07969665527344,109.68037414550781,107.98332214355469,104.8050308227539,108.23836517333984
2020-09-25,110.14142608642578,106.15874481201172,105.07969665527344,109.68037414550781,107.98332214355469,104.8050308227539
2020-09-28,112.77037048339844,110.14142608642578,106.15874481201172,105.07969665527344,109.68037414550781,107.98332214355469
2020-09-29,111.91693878173828,112.77037048339844,110.14142608642578,106.15874481201172,105.07969665527344,109.68037414550781
2020-09-30,113.60417938232422,111.91693878173828,112.77037048339844,110.14142608642578,106.15874481201172,105.07969665527344
2020-10-01,114.56550598144531,113.60417938232422,111.91693878173828,112.77037048339844,110.14142608642578,106.15874481201172
2020-10-02,110.8673095703125,114.56550598144531,113.60417938232422,111.91693878173828,112.77037048339844,110.14142608642578
2020-10-05,114.28103637695312,110.8673095703125,114.56550598144531,113.60417938232422,111.91693878173828,112.77037048339844
2020-10-06,111.0046615600586,114.28103637695312,110.8673095703125,114.56550598144531,113.60417938232422,111.91693878173828
2020-10-07,112.8880844116211,111.0046615600586,114.28103637695312,110.8673095703125,114.56550598144531,113.60417938232422
2020-10-08,112.78019714355469,112.8880844116211,111.0046615600586,114.28103637695312,110.8673095703125,114.56550598144531
2020-10-09,114.74210357666016,112.78019714355469,112.8880844116211,111.0046615600586,114.28103637695312,110.8673095703125
2020-10-12,122.03058624267578,114.74210357666016,112.78019714355469,112.8880844116211,111.0046615600586,114.28103637695312
2020-10-13,118.7934341430664,122.03058624267578,114.74210357666016,112.78019714355469,112.8880844116211,111.0046615600586
2020-10-14,118.8817138671875,118.7934341430664,122.03058624267578,114.74210357666016,112.78019714355469,112.8880844116211
2020-10-15,118.4108657836914,118.8817138671875,118.7934341430664,122.03058624267578,114.74210357666016,112.78019714355469
2020-10-16,116.75303649902344,118.4108657836914,118.8817138671875,118.7934341430664,122.03058624267578,114.74210357666016
2020-10-19,113.77096557617188,116.75303649902344,118.4108657836914,118.8817138671875,118.7934341430664,122.03058624267578
2020-10-20,115.27179718017578,113.77096557617188,116.75303649902344,118.4108657836914,118.8817138671875,118.7934341430664
2020-10-21,114.64398956298828,115.27179718017578,113.77096557617188,116.75303649902344,118.4108657836914,118.8817138671875
2020-10-22,113.54532623291016,114.64398956298828,115.27179718017578,113.77096557617188,116.75303649902344,118.4108657836914
2020-10-23,112.84883117675781,113.54532623291016,114.64398956298828,115.27179718017578,113.77096557617188,116.75303649902344
2020-10-26,112.85867309570312,112.84883117675781,113.54532623291016,114.64398956298828,115.27179718017578,113.77096557617188
2020-10-27,114.37914276123047,112.85867309570312,112.84883117675781,113.54532623291016,114.64398956298828,115.27179718017578
2020-10-28,109.08198547363281,114.37914276123047,112.85867309570312,112.84883117675781,113.54532623291016,114.64398956298828
2020-10-29,113.12351989746094,109.08198547363281,114.37914276123047,112.85867309570312,112.84883117675781,113.54532623291016
2020-10-30,106.78655242919922,113.12351989746094,109.08198547363281,114.37914276123047,112.85867309570312,112.84883117675781
2020-11-02,106.6982650756836,106.78655242919922,113.12351989746094,109.08198547363281,114.37914276123047,112.85867309570312
2020-11-03,108.33647918701172,106.6982650756836,106.78655242919922,113.12351989746094,109.08198547363281,114.37914276123047
2020-11-04,112.76056671142578,108.33647918701172,106.6982650756836,106.78655242919922,113.12351989746094,109.08198547363281
2020-11-05,116.7628402709961,112.76056671142578,108.33647918701172,106.6982650756836,106.78655242919922,113.12351989746094
2020-11-06,116.63020324707031,116.7628402709961,112.76056671142578,108.33647918701172,106.6982650756836,106.78655242919922
2020-11-09,114.30132293701172,116.63020324707031,116.7628402709961,112.76056671142578,108.33647918701172,106.6982650756836
2020-11-10,113.9573974609375,114.30132293701172,116.63020324707031,116.7628402709961,112.76056671142578,108.33647918701172
2020-11-11,117.41631317138672,113.9573974609375,114.30132293701172,116.63020324707031,116.7628402709961,112.76056671142578
2020-11-12,117.14117431640625,117.41631317138672,113.9573974609375,114.30132293701172,116.63020324707031,116.7628402709961
2020-11-13,117.19029998779297,117.14117431640625,117.41631317138672,113.9573974609375,114.30132293701172,116.63020324707031
2020-11-16,118.21226501464844,117.19029998779297,117.14117431640625,117.41631317138672,113.9573974609375,114.30132293701172
2020-11-17,117.31805419921875,118.21226501464844,117.19029998779297,117.14117431640625,117.41631317138672,113.9573974609375
2020-11-18,115.98164367675781,117.31805419921875,118.21226501464844,117.19029998779297,117.14117431640625,117.41631317138672
2020-11-19,116.58106231689453,115.98164367675781,117.31805419921875,118.21226501464844,117.19029998779297,117.14117431640625
2020-11-20,115.3036117553711,116.58106231689453,115.98164367675781,117.31805419921875,118.21226501464844,117.19029998779297
2020-11-23,111.87419891357422,115.3036117553711,116.58106231689453,115.98164367675781,117.31805419921875,118.21226501464844
2020-11-24,113.1712875366211,111.87419891357422,115.3036117553711,116.58106231689453,115.98164367675781,117.31805419921875
2020-11-25,114.01636505126953,113.1712875366211,111.87419891357422,115.3036117553711,116.58106231689453,115.98164367675781
2020-11-27,114.566650390625,114.01636505126953,113.1712875366211,111.87419891357422,115.3036117553711,116.58106231689453
2020-11-30,116.98394012451172,114.566650390625,114.01636505126953,113.1712875366211,111.87419891357422,115.3036117553711
2020-12-01,120.59027099609375,116.98394012451172,114.566650390625,114.01636505126953,113.1712875366211,111.87419891357422
2020-12-02,120.94402313232422,120.59027099609375,116.98394012451172,114.566650390625,114.01636505126953,113.1712875366211
2020-12-03,120.80644226074219,120.94402313232422,120.59027099609375,116.98394012451172,114.566650390625,114.01636505126953
2020-12-04,120.12841796875,120.80644226074219,120.94402313232422,120.59027099609375,116.98394012451172,114.566650390625
2020-12-07,121.60237121582031,120.12841796875,120.80644226074219,120.94402313232422,120.59027099609375,116.98394012451172
2020-12-08,122.22145080566406,121.60237121582031,120.12841796875,120.80644226074219,120.94402313232422,120.59027099609375
2020-12-09,119.66657257080078,122.22145080566406,121.60237121582031,120.12841796875,120.80644226074219,120.94402313232422
2020-12-10,121.10123443603516,119.66657257080078,122.22145080566406,121.60237121582031,120.12841796875,120.80644226074219
2020-12-11,120.28564453125,121.10123443603516,119.66657257080078,122.22145080566406,121.60237121582031,120.12841796875
2020-12-14,119.66657257080078,120.28564453125,121.10123443603516,119.66657257080078,122.22145080566406,121.60237121582031
2020-12-15,125.66069793701172,119.66657257080078,120.28564453125,121.10123443603516,119.66657257080078,122.22145080566406
2020-12-16,125.59193420410156,125.66069793701172,119.66657257080078,120.28564453125,121.10123443603516,119.66657257080078
2020-12-17,126.46649169921875,125.59193420410156,125.66069793701172,119.66657257080078,120.28564453125,121.10123443603516
2020-12-18,124.46188354492188,126.46649169921875,125.59193420410156,125.66069793701172,119.66657257080078,120.28564453125
2020-12-21,126.00462341308594,124.46188354492188,126.46649169921875,125.59193420410156,125.66069793701172,119.66657257080078
2020-12-22,129.59129333496094,126.00462341308594,124.46188354492188,126.46649169921875,125.59193420410156,125.66069793701172
2020-12-23,128.68724060058594,129.59129333496094,126.00462341308594,124.46188354492188,126.46649169921875,125.59193420410156
2020-12-24,129.67971801757812,128.68724060058594,129.59129333496094,126.00462341308594,124.46188354492188,126.46649169921875
2020-12-28,134.3178253173828,129.67971801757812,128.68724060058594,129.59129333496094,126.00462341308594,124.46188354492188
2020-12-29,132.5293731689453,134.3178253173828,129.67971801757812,128.68724060058594,129.59129333496094,126.00462341308594
2020-12-30,131.3993682861328,132.5293731689453,134.3178253173828,129.67971801757812,128.68724060058594,129.59129333496094
2020-12-31,130.38722229003906,131.3993682861328,132.5293731689453,134.3178253173828,129.67971801757812,128.68724060058594
2021-01-04,127.16414642333984,130.38722229003906,131.3993682861328,132.5293731689453,134.3178253173828,129.67971801757812
2021-01-05,128.73643493652344,127.16414642333984,130.38722229003906,131.3993682861328,132.5293731689453,134.3178253173828
2021-01-06,124.40292358398438,128.73643493652344,127.16414642333984,130.38722229003906,131.3993682861328,132.5293731689453
2021-01-07,128.64794921875,124.40292358398438,128.73643493652344,127.16414642333984,130.38722229003906,131.3993682861328
2021-01-08,129.75836181640625,128.64794921875,124.40292358398438,128.73643493652344,127.16414642333984,130.38722229003906
2021-01-11,126.74161529541016,129.75836181640625,128.64794921875,124.40292358398438,128.73643493652344,127.16414642333984
2021-01-12,126.56473541259766,126.74161529541016,129.75836181640625,128.64794921875,124.40292358398438,128.73643493652344
2021-01-13,128.61843872070312,126.56473541259766,126.74161529541016,129.75836181640625,128.64794921875,124.40292358398438
2021-01-14,126.67284393310547,128.61843872070312,126.56473541259766,126.74161529541016,129.75836181640625,128.64794921875
2021-01-15,124.93354797363281,126.67284393310547,128.61843872070312,126.56473541259766,126.74161529541016,129.75836181640625
2021-01-19,125.61157989501953,124.93354797363281,126.67284393310547,128.61843872070312,126.56473541259766,126.74161529541016
2021-01-20,129.73867797851562,125.61157989501953,124.93354797363281,126.67284393310547,128.61843872070312,126.56473541259766
2021-01-21,134.4947052001953,129.73867797851562,125.61157989501953,124.93354797363281,126.67284393310547,128.61843872070312
2021-01-22,136.6565399169922,134.4947052001953,129.73867797851562,125.61157989501953,124.93354797363281,126.67284393310547
2021-01-25,140.43968200683594,136.6565399169922,134.4947052001953,129.73867797851562,125.61157989501953,124.93354797363281
2021-01-26,140.67555236816406,140.43968200683594,136.6565399169922,134.4947052001953,129.73867797851562,125.61157989501953
2021-01-27,139.59461975097656,140.67555236816406,140.43968200683594,136.6565399169922,134.4947052001953,129.73867797851562
2021-01-28,134.7108917236328,139.59461975097656,140.67555236816406,140.43968200683594,136.6565399169922,134.4947052001953
2021-01-29,129.66990661621094,134.7108917236328,139.59461975097656,140.67555236816406,140.43968200683594,136.6565399169922
2021-02-01,131.81207275390625,129.66990661621094,134.7108917236328,139.59461975097656,140.67555236816406,140.43968200683594
2021-02-02,132.64730834960938,131.81207275390625,129.66990661621094,134.7108917236328,139.59461975097656,140.67555236816406
2021-02-03,131.6155548095703,132.64730834960938,131.81207275390625,129.66990661621094,134.7108917236328,139.59461975097656
2021-02-04,135.00567626953125,131.6155548095703,132.64730834960938,131.81207275390625,129.66990661621094,134.7108917236328
2021-02-05,134.58741760253906,135.00567626953125,131.6155548095703,132.64730834960938,131.81207275390625,129.66990661621094
2021-02-08,134.73501586914062,134.58741760253906,135.00567626953125,131.6155548095703,132.64730834960938,131.81207275390625
2021-02-09,133.84933471679688,134.73501586914062,134.58741760253906,135.00567626953125,131.6155548095703,132.64730834960938
2021-02-10,133.2391815185547,133.84933471679688,134.73501586914062,134.58741760253906,135.00567626953125,131.6155548095703
2021-02-11,132.98330688476562,133.2391815185547,133.84933471679688,134.73501586914062,134.58741760253906,135.00567626953125
2021-02-12,133.21949768066406,132.98330688476562,133.2391815185547,133.84933471679688,134.73501586914062,134.58741760253906
2021-02-16,131.07412719726562,133.21949768066406,132.98330688476562,133.2391815185547,133.84933471679688,134.73501586914062
2021-02-17,128.761474609375,131.07412719726562,133.21949768066406,132.98330688476562,133.2391815185547,133.84933471679688
2021-02-18,127.6494140625,128.761474609375,131.07412719726562,133.21949768066406,132.98330688476562,133.2391815185547
2021-02-19,127.80686950683594,127.6494140625,128.761474609375,131.07412719726562,133.21949768066406,132.98330688476562
2021-02-22,123.99835968017578,127.80686950683594,127.6494140625,128.761474609375,131.07412719726562,133.21949768066406
2021-02-23,123.86058044433594,123.99835968017578,127.80686950683594,127.6494140625,128.761474609375,131.07412719726562
2021-02-24,123.35868835449219,123.86058044433594,123.99835968017578,127.80686950683594,127.6494140625,128.761474609375
2021-02-25,119.06795501708984,123.35868835449219,123.86058044433594,123.99835968017578,127.80686950683594,127.6494140625
2021-02-26,119.3336410522461,119.06795501708984,123.35868835449219,123.86058044433594,123.99835968017578,127.80686950683594
2021-03-01,125.75992584228516,119.3336410522461,119.06795501708984,123.35868835449219,123.86058044433594,123.99835968017578
2021-03-02,123.13232421875,125.75992584228516,119.3336410522461,119.06795501708984,123.35868835449219,123.86058044433594
2021-03-03,120.1209487915039,123.13232421875,125.75992584228516,119.3336410522461,119.06795501708984,123.35868835449219
2021-03-04,118.22160339355469,120.1209487915039,123.13232421875,125.75992584228516,119.3336410522461,119.06795501708984
2021-03-05,119.49110412597656,118.22160339355469,120.1209487915039,123.13232421875,125.75992584228516,119.3336410522461
2021-03-08,114.51150512695312,119.49110412597656,118.22160339355469,120.1209487915039,123.13232421875,125.75992584228516
2021-03-09,119.16633605957031,114.51150512695312,119.49110412597656,118.22160339355469,120.1209487915039,123.13232421875
2021-03-10,118.07398986816406,119.16633605957031,114.51150512695312,119.49110412597656,118.22160339355469,120.1209487915039
2021-03-11,120.02253723144531,118.07398986816406,119.16633605957031,114.51150512695312,119.49110412597656,118.22160339355469
2021-03-12,119.1072998046875,120.02253723144531,118.07398986816406,119.16633605957031,114.51150512695312,119.49110412597656
2021-03-15,122.02027893066406,119.1072998046875,120.02253723144531,118.07398986816406,119.16633605957031,114.51150512695312
2021-03-16,123.57518005371094,122.02027893066406,119.1072998046875,120.02253723144531,118.07398986816406,119.16633605957031
2021-03-17,122.7780532836914,123.57518005371094,122.02027893066406,119.1072998046875,120.02253723144531,118.07398986816406
2021-03-18,118.6152572631836,122.7780532836914,123.57518005371094,122.02027893066406,119.1072998046875,120.02253723144531
2021-03-19,118.08381652832031,118.6152572631836,122.7780532836914,123.57518005371094,122.02027893066406,119.1072998046875
2021-03-22,121.4298095703125,118.08381652832031,118.6152572631836,122.7780532836914,123.57518005371094,122.02027893066406
2021-03-23,120.59332275390625,121.4298095703125,118.08381652832031,118.6152572631836,122.7780532836914,123.57518005371094
2021-03-24,118.1822280883789,120.59332275390625,121.4298095703125,118.08381652832031,118.6152572631836,122.7780532836914
2021-03-25,118.6742935180664,118.1822280883789,120.59332275390625,121.4298095703125,118.08381652832031,118.6152572631836
2021-03-26,119.2844467163086,118.6742935180664,118.1822280883789,120.59332275390625,121.4298095703125,118.08381652832031
2021-03-29,119.46160125732422,119.2844467163086,118.6742935180664,118.1822280883789,120.59332275390625,121.4298095703125
2021-03-30,117.9952621459961,119.46160125732422,119.2844467163086,118.6742935180664,118.1822280883789,120.59332275390625
2021-03-31,120.20951843261719,117.9952621459961,119.46160125732422,119.2844467163086,118.6742935180664,118.1822280883789
2021-04-01,121.04601287841797,120.20951843261719,117.9952621459961,119.46160125732422,119.2844467163086,118.6742935180664
2021-04-05,123.89994049072266,121.04601287841797,120.20951843261719,117.9952621459961,119.46160125732422,119.2844467163086
2021-04-06,124.20502471923828,123.89994049072266,121.04601287841797,120.20951843261719,117.9952621459961,119.46160125732422
2021-04-07,125.86817932128906,124.20502471923828,123.89994049072266,121.04601287841797,120.20951843261719,117.9952621459961
2021-04-08,128.28909301757812,125.86817932128906,124.20502471923828,123.89994049072266,121.04601287841797,120.20951843261719
2021-04-09,130.8871612548828,128.28909301757812,125.86817932128906,124.20502471923828,123.89994049072266,121.04601287841797
2021-04-12,129.15512084960938,130.8871612548828,128.28909301757812,125.86817932128906,124.20502471923828,123.89994049072266
2021-04-13,132.29444885253906,129.15512084960938,130.8871612548828,128.28909301757812,125.86817932128906,124.20502471923828
2021-04-14,129.9325714111328,132.29444885253906,129.15512084960938,130.8871612548828,128.28909301757812,125.86817932128906
2021-04-15,132.36331176757812,129.9325714111328,132.29444885253906,129.15512084960938,130.8871612548828,128.28909301757812
2021-04-16,132.02871704101562,132.36331176757812,129.9325714111328,132.29444885253906,129.15512084960938,130.8871612548828
2021-04-19,132.6979217529297,132.02871704101562,132.36331176757812,129.9325714111328,132.29444885253906,129.15512084960938
2021-04-20,130.99539184570312,132.6979217529297,132.02871704101562,132.36331176757812,129.9325714111328,132.29444885253906
2021-04-21,131.37921142578125,130.99539184570312,132.6979217529297,132.02871704101562,132.36331176757812,129.9325714111328
2021-04-22,129.84400939941406,131.37921142578125,130.99539184570312,132.6979217529297,132.02871704101562,132.36331176757812
2021-04-23,132.1862030029297,129.84400939941406,131.37921142578125,130.99539184570312,132.6979217529297,132.02871704101562
2021-04-26,132.579833984375,132.1862030029297,129.84400939941406,131.37921142578125,130.99539184570312,132.6979217529297
2021-04-27,132.2550506591797,132.579833984375,132.1862030029297,129.84400939941406,131.37921142578125,130.99539184570312
2021-04-28,131.45794677734375,132.2550506591797,132.579833984375,132.1862030029297,129.84400939941406,131.37921142578125
2021-04-29,131.35952758789062,131.45794677734375,132.2550506591797,132.579833984375,132.1862030029297,129.84400939941406
2021-04-30,129.37161254882812,131.35952758789062,131.45794677734375,132.2550506591797,132.579833984375,132.1862030029297
2021-05-03,130.43443298339844,129.37161254882812,131.35952758789062,131.45794677734375,132.2550506591797,132.579833984375
2021-05-04,125.81896209716797,130.43443298339844,129.37161254882812,131.35952758789062,131.45794677734375,132.2550506591797
2021-05-05,126.06498718261719,125.81896209716797,130.43443298339844,129.37161254882812,131.35952758789062,131.45794677734375
2021-05-06,127.6789321899414,126.06498718261719,125.81896209716797,130.43443298339844,129.37161254882812,131.35952758789062
2021-05-07,128.359130859375,127.6789321899414,126.06498718261719,125.81896209716797,130.43443298339844,129.37161254882812
2021-05-10,125.04689025878906,128.359130859375,127.6789321899414,126.06498718261719,125.81896209716797,130.43443298339844
2021-05-11,124.1202392578125,125.04689025878906,128.359130859375,127.6789321899414,126.06498718261719,125.81896209716797
2021-05-12,121.0248794555664,124.1202392578125,125.04689025878906,128.359130859375,127.6789321899414,126.06498718261719
2021-05-13,123.19361877441406,121.0248794555664,124.1202392578125,125.04689025878906,128.359130859375,127.6789321899414
2021-05-14,125.63835906982422,123.19361877441406,121.0248794555664,124.1202392578125,125.04689025878906,128.359130859375
2021-05-17,124.47513580322266,125.63835906982422,123.19361877441406,121.0248794555664,124.1202392578125,125.04689025878906
2021-05-18,123.0753173828125,124.47513580322266,125.63835906982422,123.19361877441406,121.0248794555664,124.1202392578125
2021-05-19,122.9176025390625,123.0753173828125,124.47513580322266,125.63835906982422,123.19361877441406,121.0248794555664
2021-05-20,125.50035858154297,122.9176025390625,123.0753173828125,124.47513580322266,125.63835906982422,123.19361877441406
2021-05-21,123.64707946777344,125.50035858154297,122.9176025390625,123.0753173828125,124.47513580322266,125.63835906982422
2021-05-24,125.2933349609375,123.64707946777344,125.50035858154297,122.9176025390625,123.0753173828125,124.47513580322266
2021-05-25,125.09618377685547,125.2933349609375,123.64707946777344,125.50035858154297,122.9176025390625,123.0753173828125
2021-05-26,125.04689025878906,125.09618377685547,125.2933349609375,123.64707946777344,125.50035858154297,122.9176025390625
2021-05-27,123.49920654296875,125.04689025878906,125.09618377685547,125.2933349609375,123.64707946777344,125.50035858154297
2021-05-28,122.83872985839844,123.49920654296875,125.04689025878906,125.09618377685547,125.2933349609375,123.64707946777344
2021-06-01,122.51342010498047,122.83872985839844,123.49920654296875,125.04689025878906,125.09618377685547,125.2933349609375
2021-06-02,123.28233337402344,122.51342010498047,122.83872985839844,123.49920654296875,125.04689025878906,125.09618377685547
2021-06-03,121.78394317626953,123.28233337402344,122.51342010498047,122.83872985839844,123.49920654296875,125.04689025878906
2021-06-04,124.10053253173828,121.78394317626953,123.28233337402344,122.51342010498047,122.83872985839844,123.49920654296875
2021-06-07,124.11038970947266,124.10053253173828,121.78394317626953,123.28233337402344,122.51342010498047,122.83872985839844
2021-06-08,124.9384536743164,124.11038970947266,124.10053253173828,121.78394317626953,123.28233337402344,122.51342010498047
2021-06-09,125.32290649414062,124.9384536743164,124.11038970947266,124.10053253173828,121.78394317626953,123.28233337402344
2021-06-10,124.31742095947266,125.32290649414062,124.9384536743164,124.11038970947266,124.10053253173828,121.78394317626953
2021-06-11,125.53978729248047,124.31742095947266,125.32290649414062,124.9384536743164,124.11038970947266,124.10053253173828
2021-06-14,128.62530517578125,125.53978729248047,124.31742095947266,125.32290649414062,124.9384536743164,124.11038970947266
2021-06-15,127.7972412109375,128.62530517578125,125.53978729248047,124.31742095947266,125.32290649414062,124.9384536743164
2021-06-16,128.29995727539062,127.7972412109375,128.62530517578125,125.53978729248047,124.31742095947266,125.32290649414062
2021-06-17,129.9166717529297,128.29995727539062,127.7972412109375,128.62530517578125,125.53978729248047,124.31742095947266
2021-06-18,128.60557556152344,129.9166717529297,128.29995727539062,127.7972412109375,128.62530517578125,125.53978729248047
2021-06-21,130.41943359375,128.60557556152344,129.9166717529297,128.29995727539062,127.7972412109375,128.62530517578125
2021-06-22,132.07553100585938,130.41943359375,128.60557556152344,129.9166717529297,128.29995727539062,127.7972412109375
2021-06-23,131.79953002929688,132.07553100585938,130.41943359375,128.60557556152344,129.9166717529297,128.29995727539062
2021-06-24,131.51361083984375,131.79953002929688,132.07553100585938,130.41943359375,128.60557556152344,129.9166717529297
2021-06-25,131.2178955078125,131.51361083984375,131.79953002929688,132.07553100585938,130.41943359375,128.60557556152344
2021-06-28,132.86416625976562,131.2178955078125,131.51361083984375,131.79953002929688,132.07553100585938,130.41943359375
2021-06-29,134.39215087890625,132.86416625976562,131.2178955078125,131.51361083984375,131.79953002929688,132.07553100585938
2021-06-30,135.01316833496094,134.39215087890625,132.86416625976562,131.2178955078125,131.51361083984375,131.79953002929688
2021-07-01,135.31878662109375,135.01316833496094,134.39215087890625,132.86416625976562,131.2178955078125,131.51361083984375
2021-07-02,137.9705352783203,135.31878662109375,135.01316833496094,134.39215087890625,132.86416625976562,131.2178955078125
2021-07-06,140.0012664794922,137.9705352783203,135.31878662109375,135.01316833496094,134.39215087890625,132.86416625976562
2021-07-07,142.5150146484375,140.0012664794922,137.9705352783203,135.31878662109375,135.01316833496094,134.39215087890625
2021-07-08,141.2039031982422,142.5150146484375,140.0012664794922,137.9705352783203,135.31878662109375,135.01316833496094
2021-07-09,143.04733276367188,141.2039031982422,142.5150146484375,140.0012664794922,137.9705352783203,135.31878662109375
2021-07-12,142.4459686279297,143.04733276367188,141.2039031982422,142.5150146484375,140.0012664794922,137.9705352783203
2021-07-13,143.56980895996094,142.4459686279297,143.04733276367188,141.2039031982422,142.5150146484375,140.0012664794922
2021-07-14,147.02989196777344,143.56980895996094,142.4459686279297,143.04733276367188,141.2039031982422,142.5150146484375
2021-07-15,146.36941528320312,147.02989196777344,143.56980895996094,142.4459686279297,143.04733276367188,141.2039031982422
2021-07-16,144.3091278076172,146.36941528320312,147.02989196777344,143.56980895996094,142.4459686279297,143.04733276367188
2021-07-19,140.42515563964844,144.3091278076172,146.36941528320312,147.02989196777344,143.56980895996094,142.4459686279297
2021-07-20,144.07254028320312,140.42515563964844,144.3091278076172,146.36941528320312,147.02989196777344,143.56980895996094
2021-07-21,143.33322143554688,144.07254028320312,140.42515563964844,144.3091278076172,146.36941528320312,147.02989196777344
2021-07-22,144.71328735351562,143.33322143554688,144.07254028320312,140.42515563964844,144.3091278076172,146.36941528320312
2021-07-23,146.44830322265625,144.71328735351562,143.33322143554688,144.07254028320312,140.42515563964844,144.3091278076172
2021-07-26,146.87217712402344,146.44830322265625,144.71328735351562,143.33322143554688,144.07254028320312,140.42515563964844
2021-07-27,144.68373107910156,146.87217712402344,146.44830322265625,144.71328735351562,143.33322143554688,144.07254028320312
2021-07-28,142.91917419433594,144.68373107910156,146.87217712402344,146.44830322265625,144.71328735351562,143.33322143554688
2021-07-29,143.56980895996094,142.91917419433594,144.68373107910156,146.87217712402344,146.44830322265625,144.71328735351562
2021-07-30,143.78665161132812,143.56980895996094,142.91917419433594,144.68373107910156,146.87217712402344,146.44830322265625
2021-08-02,143.45150756835938,143.78665161132812,143.56980895996094,142.91917419433594,144.68373107910156,146.87217712402344
2021-08-03,145.26536560058594,143.45150756835938,143.78665161132812,143.56980895996094,142.91917419433594,144.68373107910156
2021-08-04,144.8612060546875,145.26536560058594,143.45150756835938,143.78665161132812,143.56980895996094,142.91917419433594
2021-08-05,144.96963500976562,144.8612060546875,145.26536560058594,143.45150756835938,143.78665161132812,143.56980895996094
2021-08-06,144.27853393554688,144.96963500976562,144.8612060546875,145.26536560058594,143.45150756835938,143.78665161132812
2021-08-09,144.2291717529297,144.27853393554688,144.96963500976562,144.8612060546875,145.26536560058594,143.45150756835938
2021-08-10,143.7454376220703,144.2291717529297,144.27853393554688,144.96963500976562,144.8612060546875,145.26536560058594
2021-08-11,144.00210571289062,143.7454376220703,144.2291717529297,144.27853393554688,144.96963500976562,144.8612060546875
2021-08-12,146.9934844970703,144.00210571289062,143.7454376220703,144.2291717529297,144.27853393554688,144.96963500976562
2021-08-13,147.20083618164062,146.9934844970703,144.00210571289062,143.7454376220703,144.2291717529297,144.27853393554688
2021-08-16,149.19509887695312,147.20083618164062,146.9934844970703,144.00210571289062,143.7454376220703,144.2291717529297
2021-08-17,148.27696228027344,149.19509887695312,147.20083618164062,146.9934844970703,144.00210571289062,143.7454376220703
2021-08-18,144.4957275390625,148.27696228027344,149.19509887695312,147.20083618164062,146.9934844970703,144.00210571289062
2021-08-19,144.83140563964844,144.4957275390625,148.27696228027344,149.19509887695312,147.20083618164062,146.9934844970703
2021-08-20,146.30242919921875,144.83140563964844,144.4957275390625,148.27696228027344,149.19509887695312,147.20083618164062
2021-08-23,147.80307006835938,146.30242919921875,144.83140563964844,144.4957275390625,148.27696228027344,149.19509887695312
2021-08-24,147.71421813964844,147.80307006835938,146.30242919921875,144.83140563964844,144.4957275390625,148.27696228027344
2021-08-25,146.4702606201172,147.71421813964844,147.80307006835938,146.30242919921875,144.83140563964844,144.4957275390625
2021-08-26,145.6606903076172,146.4702606201172,147.71421813964844,147.80307006835938,146.30242919921875,144.83140563964844
2021-08-27,146.70721435546875,145.6606903076172,146.4702606201172,147.71421813964844,147.80307006835938,146.30242919921875
2021-08-30,151.1696014404297,146.70721435546875,145.6606903076172,146.4702606201172,147.71421813964844,147.80307006835938
2021-08-31,149.89605712890625,151.1696014404297,146.70721435546875,145.6606903076172,146.4702606201172,147.71421813964844
2021-09-01,150.56739807128906,149.89605712890625,151.1696014404297,146.70721435546875,145.6606903076172,146.4702606201172
2021-09-02,151.69287109375,150.56739807128906,149.89605712890625,151.1696014404297,146.70721435546875,145.6606903076172
2021-09-03,152.3345947265625,151.69287109375,150.56739807128906,149.89605712890625,151.1696014404297,146.70721435546875
2021-09-07,154.6941375732422,152.3345947265625,151.69287109375,150.56739807128906,149.89605712890625,151.1696014404297
2021-09-08,153.13429260253906,154.6941375732422,152.3345947265625,151.69287109375,150.56739807128906,149.89605712890625
2021-09-09,152.1074981689453,153.13429260253906,154.6941375732422,152.3345947265625,151.69287109375,150.56739807128906
2021-09-10,147.07249450683594,152.1074981689453,153.13429260253906,154.6941375732422,152.3345947265625,151.69287109375
2021-09-13,147.64512634277344,147.07249450683594,152.1074981689453,153.13429260253906,154.6941375732422,152.3345947265625
2021-09-14,146.2333221435547,147.64512634277344,147.07249450683594,152.1074981689453,153.13429260253906,154.6941375732422
2021-09-15,147.13172912597656,146.2333221435547,147.64512634277344,147.07249450683594,152.1074981689453,153.13429260253906
2021-09-16,146.89479064941406,147.13172912597656,146.2333221435547,147.64512634277344,147.07249450683594,152.1074981689453
2021-09-17,144.1995391845703,146.89479064941406,147.13172912597656,146.2333221435547,147.64512634277344,147.07249450683594
2021-09-20,141.1193084716797,144.1995391845703,146.89479064941406,147.13172912597656,146.2333221435547,147.64512634277344
2021-09-21,141.6030731201172,141.1193084716797,144.1995391845703,146.89479064941406,147.13172912597656,146.2333221435547
2021-09-22,143.99224853515625,141.6030731201172,141.1193084716797,144.1995391845703,146.89479064941406,147.13172912597656
2021-09-23,144.9597625732422,143.99224853515625,141.6030731201172,141.1193084716797,144.1995391845703,146.89479064941406
2021-09-24,145.04861450195312,144.9597625732422,143.99224853515625,141.6030731201172,141.1193084716797,144.1995391845703
2021-09-27,143.51837158203125,145.04861450195312,144.9597625732422,143.99224853515625,141.6030731201172,141.1193084716797
2021-09-28,140.10240173339844,143.51837158203125,145.04861450195312,144.9597625732422,143.99224853515625,141.6030731201172
2021-09-29,141.01068115234375,140.10240173339844,143.51837158203125,145.04861450195312,144.9597625732422,143.99224853515625
2021-09-30,139.6976318359375,141.01068115234375,140.10240173339844,143.51837158203125,145.04861450195312,144.9597625732422
2021-10-01,140.83299255371094,139.6976318359375,141.01068115234375,140.10240173339844,143.51837158203125,145.04861450195312
2021-10-04,137.36770629882812,140.83299255371094,139.6976318359375,141.01068115234375,140.10240173339844,143.51837158203125
2021-10-05,139.31260681152344,137.36770629882812,140.83299255371094,139.6976318359375,141.01068115234375,140.10240173339844
2021-10-06,140.1912841796875,139.31260681152344,137.36770629882812,140.83299255371094,139.6976318359375,141.01068115234375
2021-10-07,141.46484375,140.1912841796875,139.31260681152344,137.36770629882812,140.83299255371094,139.6976318359375
2021-10-08,141.0797882080078,141.46484375,140.1912841796875,139.31260681152344,137.36770629882812,140.83299255371094
2021-10-11,140.99093627929688,141.0797882080078,141.46484375,140.1912841796875,139.31260681152344,137.36770629882812
2021-10-12,139.70751953125,140.99093627929688,141.0797882080078,141.46484375,140.1912841796875,139.31260681152344
2021-10-13,139.11514282226562,139.70751953125,140.99093627929688,141.0797882080078,141.46484375,140.1912841796875
2021-10-14,141.92881774902344,139.11514282226562,139.70751953125,140.99093627929688,141.0797882080078,141.46484375
2021-10-15,142.99510192871094,141.92881774902344,139.11514282226562,139.70751953125,140.99093627929688,141.0797882080078
2021-10-18,144.6833038330078,142.99510192871094,141.92881774902344,139.11514282226562,139.70751953125,140.99093627929688
2021-10-19,146.86517333984375,144.6833038330078,142.99510192871094,141.92881774902344,139.11514282226562,139.70751953125
2021-10-20,147.35879516601562,146.86517333984375,144.6833038330078,142.99510192871094,141.92881774902344,139.11514282226562
2021-10-21,147.5760040283203,147.35879516601562,146.86517333984375,144.6833038330078,142.99510192871094,141.92881774902344
2021-10-22,146.7960662841797,147.5760040283203,147.35879516601562,146.86517333984375,144.6833038330078,142.99510192871094
2021-10-25,146.7467041015625,146.7960662841797,147.5760040283203,147.35879516601562,146.86517333984375,144.6833038330078
2021-10-26,147.4180450439453,146.7467041015625,146.7960662841797,147.5760040283203,147.35879516601562,146.86517333984375
2021-10-27,146.95404052734375,147.4180450439453,146.7467041015625,146.7960662841797,147.5760040283203,147.35879516601562
2021-10-28,150.6266632080078,146.95404052734375,147.4180450439453,146.7467041015625,146.7960662841797,147.5760040283203
2021-10-29,147.89193725585938,150.6266632080078,146.95404052734375,147.4180450439453,146.7467041015625,146.7960662841797
2021-11-01,147.0626220703125,147.89193725585938,150.6266632080078,146.95404052734375,147.4180450439453,146.7467041015625
2021-11-02,148.109130859375,147.0626220703125,147.89193725585938,150.6266632080078,146.95404052734375,147.4180450439453
2021-11-03,149.56040954589844,148.109130859375,147.0626220703125,147.89193725585938,150.6266632080078,146.95404052734375
2021-11-04,149.0371551513672,149.56040954589844,148.109130859375,147.0626220703125,147.89193725585938,150.6266632080078
2021-11-05,149.57106018066406,149.0371551513672,149.56040954589844,148.109130859375,147.0626220703125,147.89193725585938
2021-11-08,148.74053955078125,149.57106018066406,149.0371551513672,149.56040954589844,148.109130859375,147.0626220703125
2021-11-09,149.10633850097656,148.74053955078125,149.57106018066406,149.0371551513672,149.56040954589844,148.109130859375
2021-11-10,146.24899291992188,149.10633850097656,148.74053955078125,149.57106018066406,149.0371551513672,149.56040954589844
2021-11-11,146.19956970214844,146.24899291992188,149.10633850097656,148.74053955078125,149.57106018066406,149.0371551513672
2021-11-12,148.2956085205078,146.19956970214844,146.24899291992188,149.10633850097656,148.74053955078125,149.57106018066406
2021-11-15,148.30548095703125,148.2956085205078,146.19956970214844,146.24899291992188,149.10633850097656,148.74053955078125
2021-11-16,149.29421997070312,148.30548095703125,148.2956085205078,146.19956970214844,146.24899291992188,149.10633850097656
2021-11-17,151.75608825683594,149.29421997070312,148.30548095703125,148.2956085205078,146.19956970214844,146.24899291992188
2021-11-18,156.08660888671875,151.75608825683594,149.29421997070312,148.30548095703125,148.2956085205078,146.19956970214844
2021-11-19,158.73631286621094,156.08660888671875,151.75608825683594,149.29421997070312,148.30548095703125,148.2956085205078
2021-11-22,159.20101928710938,158.73631286621094,156.08660888671875,151.75608825683594,149.29421997070312,148.30548095703125
2021-11-23,159.5866241455078,159.20101928710938,158.73631286621094,156.08660888671875,151.75608825683594,149.29421997070312
2021-11-24,160.1106414794922,159.5866241455078,159.20101928710938,158.73631286621094,156.08660888671875,151.75608825683594
2021-11-26,155.03854370117188,160.1106414794922,159.5866241455078,159.20101928710938,158.73631286621094,156.08660888671875
2021-11-29,158.42982482910156,155.03854370117188,160.1106414794922,159.5866241455078,159.20101928710938,158.73631286621094
2021-11-30,163.43263244628906,158.42982482910156,155.03854370117188,160.1106414794922,159.5866241455078,159.20101928710938
2021-12-01,162.90863037109375,163.43263244628906,158.42982482910156,155.03854370117188,160.1106414794922,159.5866241455078
2021-12-02,161.91004943847656,162.90863037109375,163.43263244628906,158.42982482910156,155.03854370117188,160.1106414794922
2021-12-03,160.01174926757812,161.91004943847656,162.90863037109375,163.43263244628906,158.42982482910156,155.03854370117188
2021-12-06,163.4524688720703,160.01174926757812,161.91004943847656,162.90863037109375,163.43263244628906,158.42982482910156
2021-12-07,169.2462158203125,163.4524688720703,160.01174926757812,161.91004943847656,162.90863037109375,163.43263244628906
2021-12-08,173.1021728515625,169.2462158203125,163.4524688720703,160.01174926757812,161.91004943847656,162.90863037109375
2021-12-09,172.58804321289062,173.1021728515625,169.2462158203125,163.4524688720703,160.01174926757812,161.91004943847656
2021-12-10,177.42283630371094,172.58804321289062,173.1021728515625,169.2462158203125,163.4524688720703,160.01174926757812
2021-12-13,173.7547149658203,177.42283630371094,172.58804321289062,173.1021728515625,169.2462158203125,163.4524688720703
2021-12-14,172.36065673828125,173.7547149658203,177.42283630371094,172.58804321289062,173.1021728515625,169.2462158203125
2021-12-15,177.27450561523438,172.36065673828125,173.7547149658203,177.42283630371094,172.58804321289062,173.1021728515625
2021-12-16,170.31402587890625,177.27450561523438,172.36065673828125,173.7547149658203,177.42283630371094,172.58804321289062
2021-12-17,169.20672607421875,170.31402587890625,177.27450561523438,172.36065673828125,173.7547149658203,177.42283630371094
2021-12-20,167.8323974609375,169.20672607421875,170.31402587890625,177.27450561523438,172.36065673828125,173.7547149658203
2021-12-21,171.03579711914062,167.8323974609375,169.20672607421875,170.31402587890625,177.27450561523438,172.36065673828125
2021-12-22,173.65585327148438,171.03579711914062,167.8323974609375,169.20672607421875,170.31402587890625,177.27450561523438
2021-12-23,174.2886199951172,173.65585327148438,171.03579711914062,167.8323974609375,169.20672607421875,170.31402587890625
2021-12-27,178.29287719726562,174.2886199951172,173.65585327148438,171.03579711914062,167.8323974609375,169.20672607421875
2021-12-28,177.2646026611328,178.29287719726562,174.2886199951172,173.65585327148438,171.03579711914062,167.8323974609375
2021-12-29,177.35362243652344,177.2646026611328,178.29287719726562,174.2886199951172,173.65585327148438,171.03579711914062
2021-12-30,176.18695068359375,177.35362243652344,177.2646026611328,178.29287719726562,174.2886199951172,173.65585327148438
